<?xml version="1.0" encoding="UTF-8"?>
<project-private xmlns="http://www.netbeans.org/ns/project-private/1">
    <editor-bookmarks xmlns="http://www.netbeans.org/ns/editor-bookmarks/2" lastBookmarkId="0"/>
    <open-files xmlns="http://www.netbeans.org/ns/projectui-open-files/2">
        <group>
            <file>file:/E:/Projects/JAVA/CoutryCurrency/src/com/maju/countrytocurrency/abstractfactory/factories/SaudiarbiaFactory.java</file>
            <file>file:/E:/Projects/JAVA/CoutryCurrency/src/com/maju/countrytocurrency/abstractfactory/SaudiarbiaCurrency.java</file>
            <file>file:/E:/Projects/JAVA/CoutryCurrency/src/com/maju/countrytocurrency/abstractfactory/factories/USFactory.java</file>
            <file>file:/E:/Projects/JAVA/CoutryCurrency/src/com/maju/countrytocurrency/abstractfactory/CurrencyProducer.java</file>
            <file>file:/E:/Projects/JAVA/CoutryCurrency/src/com/maju/countrytocurrency/abstractfactory/PakistanCurrency.java</file>
            <file>file:/E:/Projects/JAVA/CoutryCurrency/src/com/maju/countrytocurrency/abstractfactory/USCurrency.java</file>
            <file>file:/E:/Projects/JAVA/CoutryCurrency/src/com/maju/countrytocurrency/abstractfactory/factories/CountryFactory.java</file>
            <file>file:/E:/Projects/JAVA/CoutryCurrency/src/com/maju/countrytocurrency/abstractfactory/CountryCurrencyClient.java</file>
            <file>file:/E:/Projects/JAVA/CoutryCurrency/src/com/maju/countrytocurrency/abstractfactory/Currency.java</file>
            <file>file:/E:/Projects/JAVA/CoutryCurrency/src/com/maju/countrytocurrency/abstractfactory/factories/PakistanFactory.java</file>
        </group>
    </open-files>
</project-private>
